<?xml version="1.0" encoding="UTF-8" standalone="yes"?>
<addon id="plugin.video.legacy.sounds"
	name="[B][COLOR skyblue]Legacy[/COLOR][COLOR gold] Sounds[/COLOR][/B]"
	version="21.1.1"
	provider-name="Team Legacy">
  <requires>
    <import addon="xbmc.python" version="3.0.1"/>
    <import addon="script.module.xbmcswift2"/>
    <import addon="plugin.video.youtube"/>
  </requires>
  <extension point="xbmc.python.pluginsource" library="default.py">
    <provides>video</provides>
  </extension>
  <extension point="xbmc.addon.metadata">
    <summary lang="de">[COLOR skyblue]Musik[/COLOR][COLOR gold]Tube[/COLOR]</summary>
    <description lang="de">Musiksammlung</description>
    <platform>all</platform>
    <forum></forum>
    <source></source>
    <website></website>
    <email></email>
    <license></license>
    <assets>
        <icon>icon.png</icon>
        <fanart>fanart.jpg</fanart>
        <screenshot></screenshot>      
    </assets>
    <news></news>
  </extension>
</addon>
