<?xml version="1.0" encoding="UTF-8" standalone="yes"?>
<addon id="repository.Worldrepo" name="World-Repo Repository" version="1.1.3" provider-name="World">
	<extension point="xbmc.addon.repository" name="World-Repo Repository">
		<dir>
			<info compressed="false">https://raw.githubusercontent.com/akeotaseo/World-Repo-Repository/main/addons.xml</info>
			<checksum>https://raw.githubusercontent.com/akeotaseo/World-Repo-Repository/main/addons.xml.md5</checksum>
			<datadir zip="true">https://raw.githubusercontent.com/akeotaseo/World-Repo-Repository/main/</datadir>
		</dir>
	</extension>
	<extension point="xbmc.service" library="service.py"/>
	<extension point="xbmc.addon.metadata">
		<summary>World-Repo Repository</summary>
		<description>World Build Repo</description>
		<platform>all</platform>
		<assets>
			<icon>icon.png</icon>
			<fanart>fanart.jpg</fanart>
		</assets>
	</extension>
</addon>
