<?xml version="1.0" encoding="UTF-8" standalone="yes"?>
<addon id="script.module.infotagger" name="InfoTagger" provider-name="jurialmunkey" version="0.0.81">
  <requires>
    <import addon="xbmc.python" version="3.0.0"/>
  </requires>
  <extension point="xbmc.python.module" library="resources/modules" />
  <extension point="xbmc.addon.metadata">
    <platform>all</platform>
    <summary lang="en_GB">Python wrapper for setInfo on Nexus InfoTags</summary>
    <description lang="en_GB">Python wrapper for setInfo on Nexus InfoTags</description>
    <license>GPL-3.0-or-later</license>
    <website>https://github.com/jurialmunkey/script.module.infotagger</website>
    <source>https://github.com/jurialmunkey/script.module.infotagger</source>
    <assets>
      <icon>icon.png</icon>
    </assets>
  </extension>

</addon>
