<?xml version="1.0" encoding="UTF-8" standalone="yes"?>
<addon id="plugin.video.All.Kinds.of.Music"
	name="[COLOR white]All Kinds of Music[/COLOR]" version="21.1.7" provider-name="MICLIER/A">
  <requires>
<import addon="xbmc.python" version="3.0.0"/>
    <import addon="plugin.video.youtube"/>
  </requires>
  <extension point="xbmc.python.pluginsource" library="addon.py">
    <provides>video</provides>
  </extension>
  <extension point="xbmc.addon.metadata">
    <summary lang="de_DE">All Kinds of Music by MICLIER</summary>
    <description lang="de_DE"></description>
    <disclaimer lang="de_DE"></disclaimer>
    <language>de</language>
    <platform>all</platform>
    <license></license>
    <forum></forum>
    <website></website>
    <email></email>
    <source></source>
    <news></news>
    <assets>
        <icon>resources/icon.png</icon>
        <fanart>resources/fanart.jpg</fanart>
        <banner></banner>
        <clearlogo></clearlogo>
        <screenshot></screenshot>
    </assets>
  </extension>
</addon>
