<?xml version="1.0" encoding="UTF-8" standalone="yes"?>
<addon id="repository.slyguy.inputstreamhelper" name="SlyGuy InputStream Helper Wrapper Repository" provider-name="SlyGuy" version="0.0.1">
  <extension point="xbmc.addon.repository" name="SlyGuy InputStream Helper Wrapper Repository">
    <dir>
      <info compressed="false">https://slyguy.uk/.repo/repository.slyguy.inputstreamhelper/addons.xml</info>
      <checksum>https://slyguy.uk/.repo/repository.slyguy.inputstreamhelper/addons.xml.md5</checksum>
      <datadir zip="true">https://slyguy.uk/.repo/repository.slyguy.inputstreamhelper/</datadir>
    </dir>
  </extension>
  <extension point="xbmc.addon.metadata">
    <platform>all</platform>
    <description lang="en">InputStream Helper Wrapper add-on by SlyGuy Repository</description>
    <license></license>
    <language></language>
    <website></website>
    <news></news>
    <assets>
      <icon>icon.png</icon>
      <fanart>fanart.jpg</fanart>
    </assets>
  </extension>
</addon>
