<?xml version="1.0" encoding="UTF-8" standalone="yes"?>
<addon id="script.module.animated_artwork" name="Animated Artwork Module" version="1.0.1+matrix" provider-name="PvD">
    <requires>
	    <import addon="xbmc.python" version="3.0.0"/>
    </requires>
	<extension point="kodi.context.item">
      	<menu id="kodi.core.main">
            <item library="main.py" args="add">
                <label>30010</label>
                <visible>Skin.HasSetting(Skin_EnableAnimatedPosters) + [String.IsEqual(ListItem.dbtype,movie) | String.IsEqual(ListItem.dbtype,set) | String.IsEqual(ListItem.dbtype,tvshow)] + String.IsEmpty(ListItem.Art(animatedposter))</visible>
            </item>
            <item library="main.py" args="remove">
                <label>30011</label>
                <visible>Skin.HasSetting(Skin_EnableAnimatedPosters) + [String.IsEqual(ListItem.dbtype,movie) | String.IsEqual(ListItem.dbtype,set) | String.IsEqual(ListItem.dbtype,tvshow)] + !String.IsEmpty(ListItem.Art(animatedposter))</visible>
            </item>
    	</menu>
 	</extension>
    <extension point="xbmc.addon.metadata">
        <summary lang="en">Assign animated artwork to movie or TV show artwork</summary>
        <description lang="en">Assigns or removes animated artwork from a movie or TV show using the context menu. Animated artwork must be located in a local folder.</description>
        <news/>
        <license>GNU GPL Version 3, 29 June 2007</license>
        <forum/>
        <source>https://github.com/b-jesch/script.module.animated_artwork</source>
        <platform>all</platform>
		<assets>
			<icon>resources/icon.png</icon>
			<fanart/>
		</assets>
    </extension>
</addon>