<?xml version="1.0" encoding="UTF-8" standalone="yes"?>
<addon id="metadata.universal"
       name="Universal Movie Scraper"
       version="5.5.17"
       provider-name="Olympia, Team Kodi">
  <requires>
    <import addon="xbmc.metadata" version="2.1.0"/>
    <import addon="metadata.common.fanart.tv" version="3.1.0"/>
    <import addon="metadata.common.imdb.com" version="3.2.0"/>
    <import addon="metadata.common.themoviedb.org" version="3.2.0"/>
    <import addon="metadata.common.omdbapi.com" version="1.1.1"/>
  </requires>
  <extension point="xbmc.metadata.scraper.movies"
             language="en"
             library="universal.xml"/>
  <extension point="xbmc.addon.metadata">
    <platform>all</platform>
    <license>GPL v2.0</license>
    <forum>https://forum.kodi.tv/showthread.php?tid=129821</forum>
    <assets>
        <icon>icon.png</icon>
    </assets>
    <summary lang="af_ZA">Universele Fliek Skraper</summary>
    <summary lang="be_BY">Універсальны сродак атрымання звестак пра фільмы</summary>
    <summary lang="bg_BG">Универсален източник на инф. за филми</summary>
    <summary lang="ca_ES">Raspador Universal de Pel·lícules</summary>
    <summary lang="cs_CZ">Univerzální zdroj dat k filmům</summary>
    <summary lang="cy_GB">Crafwr Ffilmiau Cyffredinol</summary>
    <summary lang="da_DK">Universal film-scraper</summary>
    <summary lang="de_DE">Universeller Film-Scraper</summary>
    <summary lang="el_GR">Universal Scraper Ταινιών</summary>
    <summary lang="en_GB">Universal Movie Scraper</summary>
    <summary lang="en_NZ">Universal Movie Scraper</summary>
    <summary lang="en_US">Universal Movie Scraper</summary>
    <summary lang="eo">Universala filma skrapilo</summary>
    <summary lang="es_AR">Buscador Universal de Películas</summary>
    <summary lang="es_ES">Scraper universal de películas</summary>
    <summary lang="es_MX">Scraper Universal de Películas</summary>
    <summary lang="et_EE">Universaalne filmide kaabits</summary>
    <summary lang="fi_FI">Universaali tietolähde elokuville</summary>
    <summary lang="fr_CA">Extracteur universel pour les films</summary>
    <summary lang="fr_FR">Collecteur universel d&apos;informations de films</summary>
    <summary lang="gl_ES">Scraper universal de filmes</summary>
    <summary lang="he_IL">סקרייפר סרטים אוניברסלי</summary>
    <summary lang="hr_HR">Universal sakupljač za filmove</summary>
    <summary lang="hu_HU">Univerzális film adat leolvasó</summary>
    <summary lang="id_ID">Pengikis Film Universal</summary>
    <summary lang="is_IS">Almenn kvikmyndaskafa</summary>
    <summary lang="it_IT">Scraper universale per film</summary>
    <summary lang="ja_JP">万能映画スクレーパー</summary>
    <summary lang="ko_KR">Universal 영화 정보수집기</summary>
    <summary lang="lt_LT">Universal Movie Scraper</summary>
    <summary lang="lv_LV">Universālais filmu skrāpis</summary>
    <summary lang="mk_MK">Universal Movie Scraper</summary>
    <summary lang="ms_MY">Pengikis Cakera Universal</summary>
    <summary lang="my_MM">Universal Movie Scraper</summary>
    <summary lang="nb_NO">Universal Film Scraper</summary>
    <summary lang="nl_NL">Universele filmscraper</summary>
    <summary lang="pl_PL">Universal Movie Scraper</summary>
    <summary lang="pt_BR">Scraper de FIlmes Universal</summary>
    <summary lang="pt_PT">Universal Movie Scraper</summary>
    <summary lang="ro_RO">Catalog de filme universal</summary>
    <summary lang="ru_RU">Универсальный скрапер фильмов</summary>
    <summary lang="sk_SK">Univerzálny sťahovač pre filmy</summary>
    <summary lang="sl_SI">Univerzalni ponudnik informacij o filmih</summary>
    <summary lang="sv_SE">Universell filmskrapa</summary>
    <summary lang="ta_IN">ஒட்டு மொத்தமான நிகழ்படம் சுரண்டி</summary>
    <summary lang="th_TH">Universal Movie Scraper</summary>
    <summary lang="tr_TR">Evrensel Film Bilgi Sağlayıcısı</summary>
    <summary lang="uk_UA">Універсальний шукач інформації про фільми</summary>
    <summary lang="vi_VN">Trình lấy dữ liệu phim ảnh Universal Scraper</summary>
    <summary lang="zh_CN">通用电影刮削器</summary>
    <summary lang="zh_TW">通用的電影資訊搜括器</summary>
    <description lang="af_ZA">Hierdie skraper kollekteer inligting van die volgende ondersteunde werwe: IMDb, themoviedb.org, Rotten Tomatoes, OFDb.de, fanart.tv. Dit doen altyd die aanvanklike soektog op TMDb, maar daarna kan dit veld vir veld gestel word vanaf watter werf jy die spesifieke inligting wil hê.</description>
    <description lang="be_BY">Гэты сродак збірае звесткі з наступных сайтаў: IMDb, themoviedb.org, Rotten Tomatoes, OFDb.de, fanart.tv. На дадзены момант гэта найлепшы інструмент сярод даступных. Першасны пошук адбываецца на TMDb, але можна вызначыць паслядоўнасць сайтаў, з якіх будуць брацца звесткі.</description>
    <description lang="bg_BG">Сваля информация от следните сайтове: IMDb, themoviedb.org, Rotten Tomatoes, OFDb.de, fanart.tv. Можете да определите от кой сайт каква информация да се сваля.[CR][CR]Първоначалното търсене винаги се прави в TMDb.</description>
    <description lang="ca_ES">El Raspador Universal és actualment el raspador més personalitzable mitjançant la recopilació d&apos;informació dels següents llocs suportats: IMDb, themoviedb.org, Rotten Tomatoes, OFDb.de, fanart.tv, port.hu. Aquest raspador és actualment el vaixell insígnia dels raspadors de l&apos;equip del Kodi. La recerca inicial es pot fer en TMDB o IMDb (segons la configuració), però després que es pot configurar camp a camp que des del lloc que voleu que la informació específica.</description>
    <description lang="cs_CZ">Univerzální zdroj dat, který získává informace z následujících podporovaných stránek: IMDb, themoviedb.org, Rotten Tomatoes, OFDb.de, fanart.tv, port.hu. Vždy provádí základní hledání na TMDb či IMDb (podle nastavení), ale pro následující hledání může být upraveno pro každou hodnotu, ze které stránky chcete specifickou informaci získat.</description>
    <description lang="cy_GB">Universal Scraper yw&apos;r crafwr mwyaf cyfaddas ar hyn o bryd drwy gasglu gwybodaeth o&apos;r gwefannau canlynol: IMDb, themoviedb.org, Rotten Tomatoes, OFDb.de, fanart.tv, port.hu. Y crafwr hwn yw&apos;r prif crafwr Team-Kodi. Mae modd gwneud y chwilio cyntaf un ai ar TMDb neu IMDb (yn ôl y gosodiadau) ac ar ôl hynny gall ei osod yn ôl maes o ba wefan i gasglu&apos;r wybodaeth benodol.</description>
    <description lang="da_DK">Universal Scraper er i øjeblikket den mest brugertilpassede scraper ved at indsamle oplysninger fra følgende understøttede websider: IMDb, themoviedb.org, Rotten Tomatoes, OFDb.de, fanart.tv, port.hu. Denne scraper er i øjeblikket flagskibet for Team Kodi-scraperne. Den indledende søgning kan udføres enten på TMDb eller IMDb (i henhold til indstillingerne), men derefter kan den angives felt for felt, fra hvilket websted du vil have de specifikke oplysninger.</description>
    <description lang="de_DE">Universal Scraper ist aktuell der Scraper mit den meisten Anpassungsoptionen, da er Metadaten von den folgenden Websites laden kann: IMDb, themoviedb.org, Rotten Tomatoes, OFDb.de, fanart.tv, port.hu. Dieser Scraper ist damit aktuell der mächtigste Scraper der Team-Kodi-Scraper. Die initiale Suche kann entweder in TMDb oder IMDb ausgefürt werden (entsprechend der Einstellungen), anschließend kann aber für jedes Feld individuell ausgewählt werden, woher die Informationen bezogen werden sollen.</description>
    <description lang="el_GR">Αυτό το scraper συλλέγει πληροφορίες από τις ακόλουθες ιστοσελίδες: IMDb, themoviedb.org, Rotten Tomatoes, OFDb.de, fanart.tv. Η αρχική αναζήτηση γίνεται πάντα στο TMDb, αλλά έπειτα μπορεί να ρυθμιστεί πεδίο ανά πεδίο από ποια σελίδα να λαμβάνονται πληροφορίες.</description>
    <description lang="en_GB">Universal Scraper is currently the most customizable scraper by collecting information from the following supported sites: IMDb, themoviedb.org, Rotten Tomatoes, OFDb.de, fanart.tv, port.hu. This scraper is currently the flagship of the Team-Kodi scrapers. The initial search can be done either on TMDb or IMDb (according to the settings), but following that it can be set field by field that from which site you want that specific information.</description>
    <description lang="en_NZ">Universal Scraper is currently the most customisable scraper by collecting information from the following supported sites: IMDb, themoviedb.org, Rotten Tomatoes, OFDb.de, fanart.tv, port.hu. This scraper is currently the flagship of the Team-Kodi scrapers. The initial search can be done either on TMDb or IMDb (according to the settings), but following that it can be set field by field that from which site you want that specific information.</description>
    <description lang="en_US">Universal Scraper is currently the most customizable scraper by collecting information from the following supported sites: IMDb, TMDb, OFDb.de. This scraper is currently the flagship of the Team-Kodi scrapers. The initial search can be done either on TMDb or IMDb (according to the settings), but following that it can be set field by field that from which site you want that specific information.</description>
    <description lang="eo">Universala filma skrapilo estas aktuale la plej tajlorebla skrapilo kolektanta informojn de la sekvantaj retejoj: IMDb, themoviedb.org, Rotten Tomatoes, OFDB.de, fanart.tv, port.hu. Tiu skrapilo estas aktuale la ĉefa el skrapiloj de Team-Kodi. La komenca serĉo povas esti farita aŭ sur TMDb aŭ IMDb (laŭ la agordoj), sed por ĉiu kampo vi povas elekti de kiu retejo vi volas specifan informon.</description>
    <description lang="es_AR">Este buscador obtiene información de los siguientes sitios: IMDb, themoviedb.org, Rotten Tomatoes, OFDb.de, fanart.tv. Realiza la búsqueda inicial en TMDb, pero a partir de allí se puede especificar desde que sitio se desea obtener cada campo.</description>
    <description lang="es_ES">Scraper universal es actualmente el scraper más personalizable al recopilar información de los siguientes sitios: IMDb, themoviedb.org, Rotten Tomatoes, OFDb.de, fanart.tv. Es el scraper buque insignia del equipo Kodi. La búsqueda inicial se puede realizar en TMDb o en IMDb (según ajustes), pero se puede elegir, campo por campo, de qué sitio se tiene que obtener la información.</description>
    <description lang="es_MX">Unversal Scraper es actualmente el scraper más personalizable al recolectar información de los siguientes sitios soportados: IMDb, themoviedb.org, Rotten Tomatoes, OFDb.de, fanart.tv, port.hu. Este scraper es actualmente el preferido de la familia de scrapers de Team-Kodi. La búsqueda inicial puede realizarse ya sea en TMDb o IMDb (ajustable en la configuración), pero posteriormente puede establecerse campo por campo de qué sitio en específico se quiere obtener la información.</description>
    <description lang="et_EE">Universal Scraper on praegu kõige kohandatavam kaabits, kogudes teavet järgmistelt toetatud saitidelt: IMDb, themosoviedb.org, Rotten Tomatoes, OFDb.de, fanart.tv, port.hu. See kaabits on praegu Team-Kodi kaabitsate lipulaev. Algse otsingu saab teha kas TMDb või IMDb allikatest (vastavalt seadetele), kuid pärast seda saab määrata väljade kaupa, millisest allikast seda konkreetset teavet soovid.</description>
    <description lang="fi_FI">Mahdollistaa metatietojen ja mediakuvitusten noudon IMDb, TMDB, Rotten Tomatoes, OFDb.de, Fanart.tv ja PORT.hu -verkkopalveluista. Tämä on tällä hetkellä Kodin kehitystiimin tietolähteiden lippulaiva. Ensihaku voidaan suorittaa joko TMDB- tai IMDb-palvelulla (määritettävissä), mutta sen jälkeen voit määrittää tietuekohtaisesti, mistä palvelusta tiedot noudetaan.</description>
    <description lang="fr_CA">L&apos;extracteur universel est présentement l&apos;extracteur le plus personnalisable en collectant des informations depuis les sites suivants pris en charge : IMDb, themoviedb.org, Rotten Tomatoes, OFDb.de, fanart.tv, port.hu. Cet extracteur est présentement le vaisseau amiral des extracteurs de l&apos;équipe Kodi. La recherche initiale peut être faite soit sur TMDb ou IMDb (d&apos;après les paramètres), mais il est ensuite possible de configurer champ par champ sur quel site aller chercher chaque information spécifique.</description>
    <description lang="fr_FR">Ce scraper collecte les informations depuis les sites supportés suivants : IMDb, themoviedb.org, Rotten Tomatoes, OFDb.de, fanart.tv. La recherche initiale est toujours effectuée depuis TMDb, mais vous pouvez indiquer les sites sources des champs un par un pour avoir une information plus spécifique.</description>
    <description lang="gl_ES">O Scraper Universal é na actualidade o máis personalizábel en canto a obtención de información dos seguintes sitio: IMDb, themoviedb.org, Rotten Tomatoes, OFDb.de, fanart.tv, port.hu. Este scraper é actualmente o barco insignia dos scrapers do equipo de Kodi. A busca inicial pódese realizar ben sexa en TMDb ou IMDb (dependendo da configuración), pero despois de especificar campo a campo dende que sitio desexa esa información específica.</description>
    <description lang="he_IL">סקרייפר זה אוסף מידע מהתארים הנתמכים הבאים: IMDb, themoviedb.org, Rotten Tomatoes, OFDb.de, fanart.tv זה תמיד עושה את החיפוש הפנימי ב-TMDb, אבל בהתאם לזאת ניתן להגדיר לכל שדה מאיזה אתר אתה רוצה לקבל את המידע.</description>
    <description lang="hr_HR">Univerzalni sakupljač je trenutno najprilagodljiviji sakupljač koji nabavlja informacije sa sljedećih stranica: IMDb, themoviedb.org, Rotten Tomatoes, OFDb.de, fanart.tv, port.hu. Ovaj sakupljač je trenutno vodeći među Team-Kodi sakupljačima. Početna pretraga može biti s TMDb ili IMDb (ovisno o postavkama), ali nadalje se može podesiti polje po polje s koje stranice želite određenu informaciju.</description>
    <description lang="hu_HU">Ez a leolvasó a következő helyekről gyűjt információkat: IMDb, themoviedb.org, Rotten Tomatoes, OFDb.de, fanart.tv. A kezdő keresést beállítástől függően az IMDb-n vagy a themoviedb.oeg-on végzi, de utána mezőnként beállítható, hogy melyik forrást használja az adott információ lekérésére.</description>
    <description lang="id_ID">Universal Scraper saat ini merupakan scraper yang paling dapat disesuaikan dengan mengumpulkan informasi dari situs yang didukung berikut: IMDb, themoviedb.org, Rotten Tomatoes, OFDb.de, fanart.tv, port.hu. Scraper ini saat ini menjadi unggulan dari scraper Team-Kodi. Pencarian awal dapat dilakukan baik di TMDb atau IMDb (sesuai pengaturan), tetapi setelah itu dapat diatur bidang demi bidang dari situs mana Anda menginginkan informasi spesifik itu.</description>
    <description lang="is_IS">Universal Scraper (Almenn skafa) er í augnablikinu mest sérsníðanlega skafan til að safna upplýsingum frá eftirfarandi studdum vefsvæðum: IMDb, themoviedb.org, Rotten Tomatoes, OFDb.de, fanart.tv, port.hu. Þessi skafa er flaggskipið í hópi Team-Kodi skafna. Upphaflega leit er hægt að gera annaðhvort á TMDb eða IMDb (fer eftir stillingum), en þar á eftir er hægt að skilgreina fyrir hvern færslureit hvaða veitur þú vilt nota fyrir sértækar upplýsingar.</description>
    <description lang="it_IT">Universal Scraper è attualmente lo scraper più personalizzabile in quanto raccoglie informazioni dai seguenti siti supportati: IMDb, themoviedb.org, Rotten Tomatoes, OFDb.de, fanart.tv, port.hu. Questo scraper è attualmente l&apos;ammiraglia degli scraper del Team-Kodi. La ricerca iniziale può essere effettuata sia su TMDb che su IMDb (a seconda delle impostazioni), ma in seguito si può impostare campo per campo da quale sito si desidera avere quella specifica informazione.</description>
    <description lang="ja_JP">このスクレーパーは、以下のサイトから情報を取得します。IMDb、TMDb、Rotten Tomatoes、Trakt.tv、OFDb.de。最初の検索は TMDb から行われますが、それに続く検索は各フィールドごとにどのサイトで検索するか設定できます。</description>
    <description lang="ko_KR">Universal Scraper는 항목별 사용자 설정이 가능한 정보수집기이며 다음 사이트를 지원합니다: IMDb, themoviedb.org, Rotten Tomatoes, OFDb.de, fanart.tv, port.hu. 이 정보수집기는 Team-Kodi의 주력 수집기입니다. 초기 검색은 (설정에 따라) TMDb 또는 IMDB에서 수행하지만 특정 정보를 지정한 사이트에서 가져오도록 필드별 설정이 가능합니다.</description>
    <description lang="lt_LT">Universal Movie Scraper šiuo metu yra labiausiai derinamas skreperis, galintis surinkti informaciją iš šių interneto svetainių: IMDb, themoviedb.org, Rotten Tomatoes, OFDb.de, fanart.tv, port.hu. Šis skreperis yra lyderis tarp Team-Kodi skreperių. Pradinė paieška gali būti atlikta arba TMDb, arba IMDb interneto svetainėse (priklausomai nuo nustaymų), bet vėliau galima kiekvienam laukui atskirai nustatyti iš kokios interneto svetainės norite gauti konkrečią informaciją.</description>
    <description lang="lv_LV">Universālais skrāpis pašlaik ir vispielāgojamākais skrāpis, kas atbalsta informācijas savākšanu no šādām vietnēm: IMDb, themoviedb.org, Rotten Tomatoes, OFDb.de, fanart.tv, port.hu. Šis skrāpis pašreiz ir Team-Kodi skrāpju flagmanis. Sākotnējā meklēšana var notikt vai nu TMDb vai arī IMDb (atbilstoši iestatījumiem), bet visu pārējo informāciju var iestatīt lauciņu pa lauciņam, no kuras lapas iegūst specifisko informāciju.</description>
    <description lang="mk_MK">This scraper collecting information from the following supported sites: IMDb, themoviedb.org, Rotten Tomatoes, OFDb.de, fanart.tv. It always does the initial search on TMDb, but following that it can be set field by field that from which site you want that specific information.</description>
    <description lang="ms_MY">Pengikis Universal buat masa ini merupakan pengikis paling boleh disuai dengan mengutip maklumat dari laman tersokong berikut: IMDb, themoviedb.org, Rotten Tomatoes, OFDb.de, fanart.tv, port.hu. Pengikis ini buat masa ini merupakan pengikis lalai Pasukan-Kodi. Gelintar awalan boleh dibuat sama ada pada TMDb atau IMDb (berdasarkan pada tetapan), tetapi yang berikut boleh ditetapkan mengikut medan yang mana anda boleh tentukan maklumat secara khusus.</description>
    <description lang="nb_NO">Denne scraper samler inn informasjon fra følgende støttede steder: IMDb, themoviedb.org, Rotten Tomatoes, OFDb.de, fanart.tv, port.hu. På nåværende tidspunkt er denne scraperen flaggskipet blant Team-Kodi scrapere. Første søk skjer alltid i TMDb eller IMDb (avhengig av innstillinger). I etterfølgende søk kan det derimot velges felt for felt hvilken side den spesifikke informasjonen ønskes fra.</description>
    <description lang="nl_NL">Deze scraper verzamelt informatie van de volgende ondersteunde sites: IMDb, themoviedb.org, Rotten Tomatoes, OFDb.de, fanart.tv. Het start altijd de eerste zoektocht op TMDb, maar kan vervolgens veld voor veld informatie kiezen van de site waar jij specifieke informatie van wilt.</description>
    <description lang="pl_PL">Universal Scraper jest aktualnie esktraktorem o największych możliwościach personalizacji, zbierając informacje z następujących serwisów: IMDb, themoviedb.org, Rotten Tomatoes, OFDb.de, fanart.tv. W pierwszej kolejności przeszukuje serwisy TMDb lub IMDb (w zależności od ustawień), a następnie może być ustawiony by poszczególne pola były wypełniane informacjami z innych serwisów.</description>
    <description lang="pt_BR">Este scraper coleta informações dos seguintes sites: IMDb, themoviedb.org, Rotten Tomatoes, OFDb.de, fanart.tv. A busca inicial sempre se dá no TMDb, mas segue aquilo que estiver setado campo a campo dos sites que você deseja informação específica.</description>
    <description lang="pt_PT">O Universal Scraper é, actualmente, o colector mais personalizável, que obtém informação a partir dos seguinte sites suportados: IMDb, themoviedb.org, Rotten Tomatoes, OFDb.de, fanart.tv, port.hu. Atualmente, este é o topo de gama dos colectores da Team-Kodi. A procura inicial pode ser efectuada no TMDb ou no IMDb (de acordo com as definições), mas após isso, esta pode ser definida campo a campo a partir do site pretendido com a informação especifica.</description>
    <description lang="ro_RO">Acest catalog este completat cu informații de la următoarele siteuri: IMDb, themoviedb.org, Rotten Tomatoes, OFDb.de, fanart.tv. Căutarea inițială se face întotdeauna pe TMDb, dar după aceasta fiecare câmp poate fi setat să ia informația de pe un site specific.</description>
    <description lang="ru_RU">Этот модуль собирает информацию со следующих поддерживаемых сайтов: IMDb, themoviedb.org, Rotten Tomatoes, OFDb.de, fanart.tv. Он всегда делает начальный поиск по TMDb, хотя может быть установлена последовательность того, с какого сайта Вы хотите получить конкретную информацию.</description>
    <description lang="sk_SK">Tento sťahovač zbiera informácie z týchto stránok: IMDb, themoviedb.org, Rotten Tomatoes, OFDb.de, fanart.tv. Počiatočné vyhľadávanie vždy robí pomocou TMDb, ale následne môžete pole po poli nastaviť z ktorej stránky má zbierať špecifické informácie.</description>
    <description lang="sl_SI">Univerzalni ponudnik je trenutno najbolj prilagodljiv ponudnik informacij o filmih s strani: IMDb, themoviedb.org, Rotten Tomatoes, OFDb.de, fanart.tv, port.hu. Osnovno iskanje se lahko opravi na TMDb ali IMDb (glede na nastavitev), vendar lahko nastavite od kod se bo prenesla posamezna informacija.</description>
    <description lang="sv_SE">Denna skrapa samlar information från följande siter: IMDb, RMDb, Rotten Tomatoes, Trakt.tv, OFDb.de. Sökning görs alltid först på TMDb, men den kan konfigureras att hämta efterföljande information - fält för fält - från valfri site.</description>
    <description lang="ta_IN">உலகளாவிய சுரண்டி தற்போது பின்வரும் ஆதரவு தளங்களில் இருந்து தகவல்களை சேகரித்து உள்ளது: IMDb, themoviedb.org, Rotten Tomatoes, OFDb.de, fanart.tv, port.hu. ஆரம்ப தேடலானது, TMDb அல்லது IMDb (அமைப்புகளை பொறுத்து) செய்யலாம், அதன் பின்னர் உங்களுக்கு தேவையான குறிப்பிட்ட தகவல்களை அமைப்பு செய்து கொள்ள முடியும்.</description>
    <description lang="th_TH">การดึงข้อมูลภาพยนตร์ได้รับการสนับสนุนจากเว็บไซต์ IMDb, themoviedb.org, Rotten Tomatoes, OFDb.de, fanart.tv. โดยจะดึงข้อมูลจากเว็บ TMDB เป็นอันดับแรก แต่คุณสามารถตั้งค่าการรับข้อมูลจากเว็บไซต์ที่คุณต้องการได้</description>
    <description lang="uk_UA">Universal Scraper зараз є найбільш настроювальним збирачем інформації з наступних підтримуваних сайтів: IMDb, themoviedb.org, Rotten Tomatoes, OFDb.de, fanart.tv, port.hu. Він є флагманом з усіх збирачів команди Kodi. Початковий пошук може бути завершений з TMDb або IMDb (згідно налаштувань), але разом з цим він може &quot;поле за полем&quot; встановити з якого сайту ви хочете отримувати специфічну інформацію.</description>
    <description lang="vi_VN">Trình Universal Scraper là trình thu thập thông tin được với khả năng tuỳ biến tốt nhất, hỗ trợ thu thập thông tin từ các site: IMDb, themoviedb.org, Rotten Tomatoes, OFDb.de, fanart.tv, port.hu. Trình này hiện là công cụ thu thập chuẩn nổi bật nhất của Team-Kodi. Việc tìm kiếm ban đầu có thể thực hiện ở cả 2 site TMDb hay IMDb (tuỳ thiết lập của bạn), kế tiếp sẽ do người dùng tuỳ chỉnh các thông tin cụ thể được lựa chọn từ từng site</description>
    <description lang="zh_CN">通用刮削器是当前定制功能最强的刮削器，它支持从以下站点获取信息：IMDb、TMDb、Rotten Tomatoes、Trakt.tv、OFDb.de、port.hu。此刮削器目前是 Kodi 开发团队的旗舰级刮削器。初始结果总是先从 TMDb 或 IMDb（根据设置）获取，然后可以针对不同项目分别设置从不同站点获取信息。</description>
    <description lang="zh_TW">Universal Scraper是現今可客製化程度最高的搜括器，並從以下的支援網站取得資訊：IMDb, themoviedb.org, Rotten Tomatoes, OFDb.de, fanart.tv。這是目前Kodi團隊的旗艦搜括器。它總以 TMDb或IMDB (根據設定值) 當作初始搜尋的網站，但可以單獨在每一個獨立的選項設定你要得網站並取得指定的相關資訊。</description>
  </extension>
</addon>
