<addon id="script.module.pvr" version="21.1.9" name="pvrscript" provider-name="Legacy">
    <requires>
        <import addon="xbmc.python" version="3.0.1"/>
		<import addon="pvr.stalker"/>
    </requires>
	<extension point="xbmc.python.script" library="pvrcon.py">
        <provides>executable</provides>
    </extension>
    <extension point="xbmc.addon.metadata">
        <summary>External Plugin</summary>
        <description lang="en">External Plugin</description>
        <platform>all</platform>
        <language>en</language>
        <license>GPLv2</license>
		<assets>
        <icon>logo.png</icon>
        </assets>
    </extension>
</addon>