<?xml version="1.0" encoding="UTF-8" standalone="yes"?>
<addon id="script.module.xmltodict" name="xmltodict" version="0.12.0+matrix.2" provider-name="martinblech">
    <requires>
        <import addon="xbmc.python" version="3.0.0"/>
    </requires>
    <extension point="xbmc.python.module" library="lib"/>
    <extension point="xbmc.addon.metadata">
        <summary lang="en_GB">Makes working with XML feel like you are working with JSON</summary>
        <description lang="en_GB">xmltodict is a Python module that makes working with XML feel like you are working with JSON, as in this "spec".</description>
        <license>MIT</license>
        <platform>all</platform>
        <website>https://github.com/martinblech/xmltodict</website>
        <source>https://github.com/martinblech/xmltodict</source>
        <assets>
            <icon>icon.png</icon>
        </assets>
    </extension>
</addon>
