<?xml version="1.0" encoding="UTF-8" standalone="yes"?>
<addon id="repository.michaz" name="Michaz Repository" provider-name="Michaz" version="4.9">
	<extension point="xbmc.addon.repository" name="Michaz Repository">
		<dir>
			<info compressed="false">https://michaz1988.github.io/repo/addons.xml</info>
			<checksum>https://michaz1988.github.io/repo/addons.xml.md5</checksum>
			<datadir zip="true">https://michaz1988.github.io/repo/</datadir>
		</dir>
			<dir minversion="19.0.0" maxversion="19.9.0">
			<info compressed="false">https://raw.github.com/kaffepausse71/SKINBASE19/master/addons.xml</info>
			<checksum>https://raw.github.com/kaffepausse71/SKINBASE19/master/addons.xml.md5</checksum>
			<datadir zip="true">https://raw.github.com/kaffepausse71/SKINBASE19/master/</datadir>
		</dir>
		<dir minversion="20.0.0" maxversion="20.9.0">
			<info compressed="false">https://raw.github.com/kaffepausse71/SKINBASE.NEXUS/master/addons.xml</info>
			<checksum>https://raw.github.com/kaffepausse71/SKINBASE.NEXUS/master/addons.xml.md5</checksum>
			<datadir zip="true">https://raw.github.com/kaffepausse71/SKINBASE.NEXUS/master/</datadir>
		</dir>
		<dir minversion="21.0.0" maxversion="21.9.0">
			<info compressed="false">https://raw.github.com/kaffepausse71/SKINBASE.OMEGA/master/addons.xml</info>
			<checksum>https://raw.github.com/kaffepausse71/SKINBASE.OMEGA/master/addons.xml.md5</checksum>
			<datadir zip="true">https://raw.github.com/kaffepausse71/SKINBASE.OMEGA/master/</datadir>
		</dir>
		<dir minversion="22.0.0" maxversion="22.9.0">
			<info compressed="false">https://raw.github.com/kaffepausse71/SKINBASE.PEGASUS/master/addons.xml</info>
			<checksum>https://raw.github.com/kaffepausse71/SKINBASE.PEGASUS/master/addons.xml.md5</checksum>
			<datadir zip="true">https://raw.github.com/kaffepausse71/SKINBASE.PEGASUS/master/</datadir>
		</dir>
	</extension>
	<extension point="xbmc.addon.metadata">
		<platform>all</platform>
		<description lang="en">Addons by Michaz</description>
		<website>https://michaz1988.github.io</website>
		<assets>
			<icon>icon.png</icon>
		</assets> 
	</extension>
</addon>