<?xml version="1.0" encoding="UTF-8" standalone="yes"?>
<addon id="script.module.inputstreamhelper" name="InputStream Helper (Slyguy Wrapper)" provider-name="SlyGuy" version="99.0.12">
	<requires>
		<import addon="repository.slyguy.inputstreamhelper"/>
	</requires>
  <extension point="xbmc.python.script" library="default.py">
    <provides>executable</provides>
  </extension>
  <extension point="xbmc.python.module" library="lib" />
  <extension point="xbmc.addon.metadata">
    <description lang="en">Replaces Inputstream Helper with Slyguy DRM Helper</description>
    <reuselanguageinvoker>true</reuselanguageinvoker>
    <news></news>
    <assets>
      <icon>icon.png</icon>
    </assets>
  </extension>
</addon>
