<?xml version="1.0" encoding="UTF-8" standalone="yes" ?>
<addon id="plugin.video.daddylive" name="DaddyLive" version="5.00" provider-name="FubuZ">
    <requires>
        <import addon="xbmc.python" version="3.0.0"/>
        <import addon="script.module.requests" />
        <import addon="script.module.inputstreamhelper" />
        <import addon="script.module.six"/>
    </requires>
    <extension point="xbmc.python.pluginsource" library="addon.py">
        <provides>video</provides>
    </extension>
    <extension point="xbmc.addon.metadata">
        <summary lang="en">Live Sports and TV</summary>
		<description lang="en">Free streming of Live Sports and TV.</description>
        <license>GPL-3.0</license>
        <website>https://daddylive.sx/</website>
        <assets>
            <icon>resources/icon.png</icon>
            <fanart>resources/fanart.jpg</fanart>
        </assets>
    </extension>
</addon>
