<?xml version="1.0" encoding="UTF-8"?>
<window type="dialog" id="1199">
    <zorder>2</zorder>
    <visible>!Window.IsVisible(startup) + Skin.HasSetting(DebugInfo)</visible>
    <controls>
        <control type="group">
            <visible>Skin.HasSetting(DebugInfoGrid) + Skin.HasSetting(DebugInfo)</visible>
            <control type="image">
                <left>SidePad</left>
                <width>1</width>
                <texture colordiffuse="Dark1">common/white.png</texture>
            </control>
            <control type="image">
                <right>SidePad</right>
                <width>1</width>
                <texture colordiffuse="Dark1">common/white.png</texture>
            </control>
            <control type="image">
                <top>PosterPad</top>
                <height>1</height>
                <texture colordiffuse="Dark1">common/white.png</texture>
            </control>
            <control type="image">
                <bottom>PosterPad</bottom>
                <height>1</height>
                <texture colordiffuse="Dark1">common/white.png</texture>
            </control>
            <control type="group">
                <visible>Skin.HasSetting(DebugInfo.extended.grid)</visible>
                <control type="image">
                    <bottom>255</bottom>
                    <height>1</height>
                    <width>1270</width>
                    <left>570</left>
                    <texture colordiffuse="Dark1">common/white.png</texture>
                </control>
                <control type="image">
                    <left>570</left>
                    <width>1</width>
                    <texture colordiffuse="Dark1">common/white.png</texture>
                </control>
                <control type="image">
                    <left>508</left>
                    <width>1</width>
                    <texture colordiffuse="Dark1">common/white.png</texture>
                </control>
                <control type="image">
                    <left>782</left>
                    <width>1</width>
                    <texture colordiffuse="Dark1">common/white.png</texture>
                </control>
                <control type="image">
                    <top>SidePad</top>
                    <height>1</height>
                    <texture colordiffuse="Dark1">common/white.png</texture>
                </control>
                <control type="image">
                    <bottom>SidePad</bottom>
                    <height>1</height>
                    <texture colordiffuse="Dark1">common/white.png</texture>
                </control>
            </control>
        </control>
        <control type="image">
            <top>0</top>
            <width>100%</width>
            <height>160</height>
            <texture colordiffuse="4D202020">common/white.png</texture>
            <visible>Skin.HasSetting(DebugInfo) + !Skin.HasSetting(DebugInfo.extended)</visible>
        </control>
        <control type="image">
            <top>0</top>
            <width>100%</width>
            <height>550</height>
            <texture colordiffuse="4D202020">common/white.png</texture>
            <visible>Skin.HasSetting(DebugInfo) + Skin.HasSetting(DebugInfo.extended)</visible>
        </control>
        <control type="grouplist">
            <posx>15</posx>
            <posy>-10</posy>
            <width>1820</width>
            <height>750</height>
            <itemgap>-35</itemgap>
            <visible>Skin.HasSetting(DebugInfo)</visible>
            
            <!-- Systeminfo -->
            <control type="label">
                <width>1880</width>
                <textcolor>FFFFFFFF</textcolor>
                <font>Tiny</font>
                <align>left</align>
                <label>$LOCALIZE[14220]: $INFO[System.FPS] FPS - $LOCALIZE[13284] $INFO[System.CpuFrequency] - $LOCALIZE[13271] $INFO[System.CpuUsage] - $LOCALIZE[31104]: $INFO[system.memory(used.percent)]</label>
                <visible>Skin.HasSetting(DebugInfo.systeminfo)</visible>
            </control>
            
            <!-- Window labels -->
            <control type="label">
                <width>780</width>
                <textcolor>FFFFFFFF</textcolor>
                <font>Tiny</font>
                <align>left</align>
                <label>AddonBrowser.xml</label>
                <visible>Window.IsVisible(AddonBrowser.xml)</visible>
            </control>
            <control type="label">
                <width>780</width>
                <textcolor>FFFFFFFF</textcolor>
                <font>Tiny</font>
                <align>left</align>
                <label>FileManager.xml</label>
                <visible>Window.IsVisible(FileManager.xml)</visible>
            </control>
            <control type="label">
                <width>780</width>
                <textcolor>FFFFFFFF</textcolor>
                <font>Tiny</font>
                <align>left</align>
                <label>Home.xml</label>
                <visible>Window.IsVisible(Home.xml)</visible>
            </control>
            <control type="label">
                <width>780</width>
                <textcolor>FFFFFFFF</textcolor>
                <font>Tiny</font>
                <align>left</align>
                <label>LoginScreen.xml</label>
                <visible>Window.IsVisible(LoginScreen.xml)</visible>
            </control>
            <control type="label">
                <width>780</width>
                <textcolor>FFFFFFFF</textcolor>
                <font>Tiny</font>
                <align>left</align>
                <label>MyMusicNav.xml</label>
                <visible>Window.IsVisible(MyMusicNav.xml)</visible>
            </control>
            <control type="label">
                <width>780</width>
                <textcolor>FFFFFFFF</textcolor>
                <font>Tiny</font>
                <align>left</align>
                <label>MyMusicPlaylistEditor.xml</label>
                <visible>Window.IsVisible(MyMusicPlaylistEditor.xml)</visible>
            </control>
            <control type="label">
                <width>780</width>
                <textcolor>FFFFFFFF</textcolor>
                <font>Tiny</font>
                <align>left</align>
                <label>Custom_AutoClose_Info_Helper.xml</label>
                <visible>Window.IsVisible(Custom_AutoClose_Info_Helper.xml)</visible>
            </control>
            <control type="label">
                <width>780</width>
                <textcolor>FFFFFFFF</textcolor>
                <font>Tiny</font>
                <align>left</align>
                <label>script-cu-lrclyrics-main.xml</label>
                <visible>Window.IsVisible(script-cu-lrclyrics-main.xml)</visible>
            </control>
            <control type="label">
                <width>780</width>
                <textcolor>FFFFFFFF</textcolor>
                <font>Tiny</font>
                <align>left</align>
                <label>Custom_OSD_Info_Helper.xml</label>
                <visible>Window.IsVisible(Custom_OSD_Info_Helper.xml)</visible>
            </control>
            <control type="label">
                <width>780</width>
                <textcolor>FFFFFFFF</textcolor>
                <font>Tiny</font>
                <align>left</align>
                <label>Custom_AutoClose_OSD_Helper.xml</label>
                <visible>Window.IsVisible(Custom_AutoClose_OSD_Helper.xml)</visible>
            </control>
            <control type="label">
                <width>780</width>
                <textcolor>FFFFFFFF</textcolor>
                <font>Tiny</font>
                <align>left</align>
                <label>Property(osdinfo,1)</label>
                <visible>!String.IsEmpty(Window(home).Property(osdinfo))</visible>
            </control>
            <control type="label">
                <width>780</width>
                <textcolor>FFFFFFFF</textcolor>
                <font>Tiny</font>
                <align>left</align>
                <label>Property(osdshowinfo,1)</label>
                <visible>!String.IsEmpty(Window(home).Property(osdshowinfo))</visible>
            </control>
            <control type="label">
                <width>780</width>
                <textcolor>FFFFFFFF</textcolor>
                <font>Tiny</font>
                <align>left</align>
                <label>MyPics.xml</label>
                <visible>Window.IsVisible(MyPics.xml)</visible>
            </control>
            <control type="label">
                <width>780</width>
                <textcolor>FFFFFFFF</textcolor>
                <font>Tiny</font>
                <align>left</align>
                <label>MyPrograms.xml</label>
                <visible>Window.IsVisible(MyPrograms.xml)</visible>
            </control>
            <control type="label">
                <width>780</width>
                <textcolor>FFFFFFFF</textcolor>
                <font>Tiny</font>
                <align>left</align>
                <label>MyPVRGuide.xml</label>
                <visible>Window.IsVisible(MyPVRGuide.xml)</visible>
            </control>
            <control type="label">
                <width>780</width>
                <textcolor>FFFFFFFF</textcolor>
                <font>Tiny</font>
                <align>left</align>
                <label>MyPVRTimers.xml</label>
                <visible>Window.IsVisible(MyPVRTimers.xml)</visible>
            </control>
            <control type="label">
                <width>780</width>
                <textcolor>FFFFFFFF</textcolor>
                <font>Tiny</font>
                <align>left</align>
                <label>MyPVRSearch.xml</label>
                <visible>Window.IsVisible(MyPVRSearch.xml)</visible>
            </control>
            <control type="label">
                <width>780</width>
                <textcolor>FFFFFFFF</textcolor>
                <font>Tiny</font>
                <align>left</align>
                <label>MyPVRRecordings.xml</label>
                <visible>Window.IsVisible(MyPVRRecordings.xml)</visible>
            </control>
            <control type="label">
                <width>780</width>
                <textcolor>FFFFFFFF</textcolor>
                <font>Tiny</font>
                <align>left</align>
                <label>MyPVRChannels.xml</label>
                <visible>Window.IsVisible(MyPVRChannels.xml)</visible>
            </control>
            <control type="label">
                <width>780</width>
                <textcolor>FFFFFFFF</textcolor>
                <font>Tiny</font>
                <align>left</align>
                <label>MyVideoNav.xml</label>
                <visible>Window.IsVisible(MyVideoNav.xml)</visible>
            </control>
            <control type="label">
                <width>780</width>
                <textcolor>FFFFFFFF</textcolor>
                <font>Tiny</font>
                <align>left</align>
                <label>MyWeather.xml</label>
                <visible>Window.IsVisible(MyWeather.xml)</visible>
            </control>
            <control type="label">
                <width>780</width>
                <textcolor>FFFFFFFF</textcolor>
                <font>Tiny</font>
                <align>left</align>
                <label>Custom_Blur.xml</label>
                <visible>Window.IsVisible(Custom_Blur.xml)</visible>
            </control>
            <control type="label">
                <width>780</width>
                <textcolor>FFFFFFFF</textcolor>
                <font>Tiny</font>
                <align>left</align>
                <label>Settings.xml</label>
                <visible>Window.IsVisible(Settings.xml)</visible>
            </control>
            <control type="label">
                <width>780</width>
                <textcolor>FFFFFFFF</textcolor>
                <font>Tiny</font>
                <align>left</align>
                <label>SettingsCategory.xml</label>
                <visible>Window.IsVisible(SettingsCategory.xml)</visible>
            </control>
            <control type="label">
                <width>780</width>
                <textcolor>FFFFFFFF</textcolor>
                <font>Tiny</font>
                <align>left</align>
                <label>SettingsProfile.xml</label>
                <visible>Window.IsVisible(SettingsProfile.xml)</visible>
            </control>
            <control type="label">
                <width>780</width>
                <textcolor>FFFFFFFF</textcolor>
                <font>Tiny</font>
                <align>left</align>
                <label>SkinSettings.xml</label>
                <visible>Window.IsVisible(SkinSettings.xml)</visible>
            </control>
            <control type="label">
                <width>780</width>
                <textcolor>FFFFFFFF</textcolor>
                <font>Tiny</font>
                <align>left</align>
                <label>VideoFullScreen.xml</label>
                <visible>Window.IsVisible(VideoFullScreen.xml)</visible>
            </control>

            <!-- Dialog labels -->
            <control type="label">
                <width>780</width>
                <textcolor>FFFFFFFF</textcolor>
                <font>Tiny</font>
                <align>left</align>
                <label>DialogAddonInfo.xml</label>
                <visible>Window.IsVisible(DialogAddonInfo.xml)</visible>
            </control>
            <control type="label">
                <width>780</width>
                <textcolor>FFFFFFFF</textcolor>
                <font>Tiny</font>
                <align>left</align>
                <label>DialogAddonSettings.xml</label>
                <visible>Window.IsVisible(DialogAddonSettings.xml)</visible>
            </control>
            <control type="label">
                <width>780</width>
                <textcolor>FFFFFFFF</textcolor>
                <font>Tiny</font>
                <align>left</align>
                <label>DialogBusy.xml</label>
                <visible>Window.IsVisible(DialogBusy.xml)</visible>
            </control>
            <control type="label">
                <width>780</width>
                <textcolor>FFFFFFFF</textcolor>
                <font>Tiny</font>
                <align>left</align>
                <label>DialogButtonMenu.xml</label>
                <visible>Window.IsVisible(DialogButtonMenu.xml)</visible>
            </control>
            <control type="label">
                <width>780</width>
                <textcolor>FFFFFFFF</textcolor>
                <font>Tiny</font>
                <align>left</align>
                <label>DialogContextMenu.xml</label>
                <visible>Window.IsVisible(DialogContextMenu.xml)</visible>
            </control>
            <control type="label">
                <width>780</width>
                <textcolor>FFFFFFFF</textcolor>
                <font>Tiny</font>
                <align>left</align>
                <label>DialogExtendedProgressBar.xml</label>
                <visible>Window.IsVisible(DialogExtendedProgressBar.xml)</visible>
            </control>
            <control type="label">
                <width>780</width>
                <textcolor>FFFFFFFF</textcolor>
                <font>Tiny</font>
                <align>left</align>
                <label>DialogFavourites.xml</label>
                <visible>Window.IsVisible(DialogFavourites.xml)</visible>
            </control>
            <control type="label">
                <width>780</width>
                <textcolor>FFFFFFFF</textcolor>
                <font>Tiny</font>
                <align>left</align>
                <label>DialogFullScreenInfo.xml</label>
                <visible>Window.IsVisible(DialogFullScreenInfo.xml)</visible>
            </control>
            <control type="label">
                <width>780</width>
                <textcolor>FFFFFFFF</textcolor>
                <font>Tiny</font>
                <align>left</align>
                <label>DialogKeyboard.xml</label>
                <visible>Window.IsVisible(DialogKeyboard.xml)</visible>
            </control>
            <control type="label">
                <width>780</width>
                <textcolor>FFFFFFFF</textcolor>
                <font>Tiny</font>
                <align>left</align>
                <label>DialogMediaSource.xml</label>
                <visible>Window.IsVisible(DialogMediaSource.xml)</visible>
            </control>
            <control type="label">
                <width>780</width>
                <textcolor>FFFFFFFF</textcolor>
                <font>Tiny</font>
                <align>left</align>
                <label>DialogNumeric.xml</label>
                <visible>Window.IsVisible(DialogNumeric.xml)</visible>
            </control>
            <control type="label">
                <width>780</width>
                <textcolor>FFFFFFFF</textcolor>
                <font>Tiny</font>
                <align>left</align>
                <label>DialogOK.xml</label>
                <visible>Window.IsVisible(DialogOK.xml)</visible>
            </control>
            <control type="label">
                <width>780</width>
                <textcolor>FFFFFFFF</textcolor>
                <font>Tiny</font>
                <align>left</align>
                <label>DialogPictureInfo.xml</label>
                <visible>Window.IsVisible(DialogPictureInfo.xml)</visible>
            </control>
            <control type="label">
                <width>780</width>
                <textcolor>FFFFFFFF</textcolor>
                <font>Tiny</font>
                <align>left</align>
                <label>DialogPVRChannelManager.xml</label>
                <visible>Window.IsVisible(DialogPVRChannelManager.xml)</visible>
            </control>
            <control type="label">
                <width>780</width>
                <textcolor>FFFFFFFF</textcolor>
                <font>Tiny</font>
                <align>left</align>
                <label>DialogPVRChannelsOSD.xml</label>
                <visible>Window.IsVisible(DialogPVRChannelsOSD.xml)</visible>
            </control>
            <control type="label">
                <width>780</width>
                <textcolor>FFFFFFFF</textcolor>
                <font>Tiny</font>
                <align>left</align>
                <label>DialogPVRGroupManager.xml</label>
                <visible>Window.IsVisible(DialogPVRGroupManager.xml)</visible>
            </control>
            <control type="label">
                <width>780</width>
                <textcolor>FFFFFFFF</textcolor>
                <font>Tiny</font>
                <align>left</align>
                <label>DialogPVRGuideSearch.xml</label>
                <visible>Window.IsVisible(DialogPVRGuideSearch.xml)</visible>
            </control>
            <control type="label">
                <width>780</width>
                <textcolor>FFFFFFFF</textcolor>
                <font>Tiny</font>
                <align>left</align>
                <label>DialogPVRTimerSettings.xml</label>
                <visible>Window.IsVisible(DialogPVRTimerSettings.xml)</visible>
            </control>
            <control type="label">
                <width>780</width>
                <textcolor>FFFFFFFF</textcolor>
                <font>Tiny</font>
                <align>left</align>
                <label>DialogSeekbar.xml</label>
                <visible>Window.IsVisible(DialogSeekbar.xml)</visible>
            </control>
            <control type="label">
                <width>780</width>
                <textcolor>FFFFFFFF</textcolor>
                <font>Tiny</font>
                <align>left</align>
                <label>DialogSelect.xml</label>
                <visible>Window.IsVisible(DialogSelect.xml)</visible>
            </control>
            <control type="label">
                <width>780</width>
                <textcolor>FFFFFFFF</textcolor>
                <font>Tiny</font>
                <align>left</align>
                <label>DialogSlider.xml</label>
                <visible>Window.IsVisible(DialogSlider.xml)</visible>
            </control>
            <control type="label">
                <width>780</width>
                <textcolor>FFFFFFFF</textcolor>
                <font>Tiny</font>
                <align>left</align>
                <label>DialogSubtitles.xml</label>
                <visible>Window.IsVisible(DialogSubtitles.xml)</visible>
            </control>
            <control type="label">
                <width>780</width>
                <textcolor>FFFFFFFF</textcolor>
                <font>Tiny</font>
                <align>left</align>
                <label>DialogTextViewer.xml</label>
                <visible>Window.IsVisible(DialogTextViewer.xml)</visible>
            </control>
            <control type="label">
                <width>780</width>
                <textcolor>FFFFFFFF</textcolor>
                <font>Tiny</font>
                <align>left</align>
                <label>DialogVideoInfo.xml</label>
                <visible>Window.IsVisible(DialogVideoInfo.xml)</visible>
            </control>
            <control type="label">
                <width>780</width>
                <textcolor>FFFFFFFF</textcolor>
                <font>Tiny</font>
                <align>left</align>
                <label>DialogVolumeBar.xml</label>
                <visible>Window.IsVisible(DialogVolumeBar.xml)</visible>
            </control>
            <control type="label">
                <width>780</width>
                <textcolor>FFFFFFFF</textcolor>
                <font>Tiny</font>
                <align>left</align>
                <label>FileBrowser.xml</label>
                <visible>Window.IsVisible(FileBrowser.xml)</visible>
            </control>
            <control type="label">
                <width>780</width>
                <textcolor>FFFFFFFF</textcolor>
                <font>Tiny</font>
                <align>left</align>
                <label>MusicOSD.xml</label>
                <visible>Window.IsVisible(MusicOSD.xml)</visible>
            </control>
            <control type="label">
                <width>780</width>
                <textcolor>FFFFFFFF</textcolor>
                <font>Tiny</font>
                <align>left</align>
                <label>MusicVisualisation.xml</label>
                <visible>Window.IsVisible(MusicVisualisation.xml)</visible>
            </control>
            <control type="label">
                <width>780</width>
                <textcolor>FFFFFFFF</textcolor>
                <font>Tiny</font>
                <align>left</align>
                <label>PlayerControls.xml</label>
                <visible>Window.IsVisible(PlayerControls.xml)</visible>
            </control>
            <control type="label">
                <width>780</width>
                <textcolor>FFFFFFFF</textcolor>
                <font>Tiny</font>
                <align>left</align>
                <label>ProfileSettings.xml</label>
                <visible>Window.IsVisible(ProfileSettings.xml)</visible>
            </control>
            <control type="label">
                <width>780</width>
                <textcolor>FFFFFFFF</textcolor>
                <font>Tiny</font>
                <align>left</align>
                <label>SettingsScreenCalibration.xml</label>
                <visible>Window.IsVisible(SettingsScreenCalibration.xml)</visible>
            </control>
            <control type="label">
                <width>780</width>
                <textcolor>FFFFFFFF</textcolor>
                <font>Tiny</font>
                <align>left</align>
                <label>SettingsSystemInfo.xml</label>
                <visible>Window.IsVisible(SettingsSystemInfo.xml)</visible>
            </control>
            <control type="label">
                <width>780</width>
                <textcolor>FFFFFFFF</textcolor>
                <font>Tiny</font>
                <align>left</align>
                <label>SlideShow.xml</label>
                <visible>Window.IsVisible(SlideShow.xml)</visible>
            </control>
            <control type="label">
                <width>780</width>
                <textcolor>FFFFFFFF</textcolor>
                <font>Tiny</font>
                <align>left</align>
                <label>SmartPlaylistEditor.xml</label>
                <visible>Window.IsVisible(SmartPlaylistEditor.xml)</visible>
            </control>
            <control type="label">
                <width>780</width>
                <textcolor>FFFFFFFF</textcolor>
                <font>Tiny</font>
                <align>left</align>
                <label>SmartPlaylistRule.xml</label>
                <visible>Window.IsVisible(SmartPlaylistRule.xml)</visible>
            </control>
            <control type="label">
                <width>780</width>
                <textcolor>FFFFFFFF</textcolor>
                <font>Tiny</font>
                <align>left</align>
                <label>VideoOSD.xml</label>
                <visible>Window.IsVisible(VideoOSD.xml)</visible>
            </control>
            <control type="label">
                <width>780</width>
                <textcolor>FFFFFFFF</textcolor>
                <font>Tiny</font>
                <align>left</align>
                <label>VideoOSDBookmarks.xml</label>
                <visible>Window.IsVisible(VideoOSDBookmarks.xml)</visible>
            </control>
            <control type="label">
                <width>780</width>
                <textcolor>FFFFFFFF</textcolor>
                <font>Tiny</font>
                <align>left</align>
                <label>script-embuary-image.xml</label>
                <visible>Window.IsVisible(script-embuary-image.xml)</visible>
            </control>
            <control type="label">
                <width>780</width>
                <textcolor>FFFFFFFF</textcolor>
                <font>Tiny</font>
                <align>left</align>
                <label>script-embuary-person.xml</label>
                <visible>Window.IsVisible(script-embuary-person.xml)</visible>
            </control>
            <control type="label">
                <width>780</width>
                <textcolor>FFFFFFFF</textcolor>
                <font>Tiny</font>
                <align>left</align>
                <label>script-embuary-video.xml</label>
                <visible>Window.IsVisible(script-embuary-video.xml)</visible>
            </control>
            <control type="label">
                <width>780</width>
                <textcolor>FFFFFFFF</textcolor>
                <font>Tiny</font>
                <align>left</align>
                <label>script-globalsearch.xml</label>
                <visible>Window.IsVisible(script-globalsearch.xml)</visible>
            </control>
            <control type="label">
                <width>780</width>
                <textcolor>FFFFFFFF</textcolor>
                <font>Tiny</font>
                <align>left</align>
                <label>script-skinshortcuts.xml</label>
                <visible>Window.IsVisible(script-skinshortcuts.xml)</visible>
            </control>
            <control type="label">
                <width>780</width>
                <textcolor>FFFFFFFF</textcolor>
                <font>Tiny</font>
                <align>left</align>
                <label>DialogColorPicker.xml</label>
                <visible>Window.IsVisible(DialogColorPicker.xml)</visible>
            </control>
            <control type="label">
                <width>780</width>
                <textcolor>FFFFFFFF</textcolor>
                <font>Tiny</font>
                <align>left</align>
                <label>Custom_NowPlaying_Helper.xml</label>
                <visible>Window.IsVisible(Custom_NowPlaying_Helper.xml)</visible>
            </control>

            <!-- Path label -->
            <control type="label">
                <textcolor>FFFFFFFF</textcolor>
                <font>Tiny</font>
                <align>left</align>
                <label fallback="No Focus">$INFO[System.CurrentControlID,Current Focus: ]</label>
            </control>
            <control type="label">
                <textcolor>FFFFFFFF</textcolor>
                <font>Tiny</font>
                <align>left</align>
                <label fallback="TMDB helper widget container: none">$INFO[Window(Home).Property(TMDBHelper.WidgetContainer),TMDB helper widget container: , ]</label>
            </control>
            <control type="label">
                <textcolor>FFFFFFFF</textcolor>
                <font>Tiny</font>
                <align>left</align>
                <label>TMDB helper is updating: $INFO[Window(Home).Property(TMDBHelper.CurrentWindow),window: , ]$INFO[Window(Home).Property(TMDBHelper.IsUpdating),details: , ]$INFO[Window(Home).Property(TMDBHelper.IsUpdatingRatings),ratings: , ]</label>
                <visible>Skin.HasSetting(DebugInfo.extended)</visible>
            </control>
            <control type="label">
                <width>780</width>
                <textcolor>FFFFFFFF</textcolor>
                <font>Tiny</font>
                <align>left</align>
                <label>Sort by: $INFO[Container.SortMethod]</label>
                <visible>!String.IsEmpty(Container.SortMethod)</visible>
                <visible>Skin.HasSetting(DebugInfo.extended)</visible>
            </control>
            <control type="label">
                <width>780</width>
                <textcolor>FFFFFFFF</textcolor>
                <font>Tiny</font>
                <align>left</align>
                <label>System.HasAlarm(slide_out)</label>
                <visible>System.HasAlarm(slide_out)</visible>
            </control>
            <control type="label">
                <width>780</width>
                <textcolor>FFFFFFFF</textcolor>
                <font>Tiny</font>
                <align>left</align>
                <label>Property(controlsvisible,1) - controls focused</label>
                <visible>!String.IsEmpty(Window(home).Property(controlsvisible))</visible>
                <visible>Skin.HasSetting(DebugInfo.extended)</visible>
            </control>
            <control type="label">
                <textcolor>FFFFFFFF</textcolor>
                <font>Tiny</font>
                <align>left</align>
                <label fallback="No DBID">$INFO[ListItem.DBID,Current DBID: ]</label>
                <visible>Skin.HasSetting(DebugInfo.extended)</visible>
            </control>
            <control type="label">
                <textcolor>FFFFFFFF</textcolor>
                <font>Tiny</font>
                <align>left</align>
                <label fallback="No AudioCodec">$INFO[ListItem.AudioCodec,Current AudioCodec: ]</label>
                <visible>Skin.HasSetting(DebugInfo.extended)</visible>
            </control>
            <control type="label">
                <textcolor>FFFFFFFF</textcolor>
                <font>Tiny</font>
                <align>left</align>
                <label fallback="No ListItem HDRType">$INFO[ListItem.HDRType,Current ListItem HDRType: ]</label>
                <visible>Skin.HasSetting(DebugInfo.extended)</visible>
            </control>
            <control type="label">
                <textcolor>FFFFFFFF</textcolor>
                <font>Tiny</font>
                <align>left</align>
                <label fallback="No VideoPlayer HDRType">$INFO[VideoPlayer.HDRType,Current VideoPlayer HDRType: ]</label>
                <visible>Skin.HasSetting(DebugInfo.extended)</visible>
            </control>
            <control type="label">
                <textcolor>FFFFFFFF</textcolor>
                <font>Tiny</font>
                <align>left</align>
                <label fallback="No Rating">$INFO[ListItem.mpaa,Current Rating: , - ]$VAR[RatingFlagVar]</label>
                <visible>Skin.HasSetting(DebugInfo.extended)</visible>
            </control>
            <control type="label">
                <textcolor>FFFFFFFF</textcolor>
                <font>Tiny</font>
                <align>left</align>
                <label fallback="No Content-Type">$INFO[Container.Content,Current Content-Type: ]</label>
                <visible>Skin.HasSetting(DebugInfo.extended)</visible>
            </control>
            <control type="label">
                <textcolor>FFFFFFFF</textcolor>
                <font>Tiny</font>
                <align>left</align>
                <label fallback="No ListItem-DBType">$INFO[ListItem.DBTYPE,Current ListItem-DBType: ]</label>
                <visible>Skin.HasSetting(DebugInfo.extended)</visible>
            </control>
            <control type="label">
                <font>Tiny</font>
                <textcolor>FFFFFFFF</textcolor>
                <label fallback="19055">ListItem $LOCALIZE[20410] Property: $INFO[Window(home).Property(listitem.trailer)]</label>
                <visible>$EXP[AutoTrailerDebugging]</visible>
            </control>
            <control type="label">
                <font>Tiny</font>
                <textcolor>FFFFFFFF</textcolor>
                <label fallback="19055">$LOCALIZE[20410] $LOCALIZE[573] (last): $INFO[Window(home).Property(TrailerPath)]</label>
                <visible>$EXP[AutoTrailerDebugging]</visible>
            </control>
            <control type="label">
                <font>Tiny</font>
                <textcolor>FFFFFFFF</textcolor>
                <label fallback="19055">$LOCALIZE[20410] $LOCALIZE[573] (current): $INFO[Window(home).Property(TrailerPath2)]</label>
                <visible>$EXP[AutoTrailerDebugging]</visible>
            </control>
            <control type="label">
                <font>Tiny</font>
                <textcolor>FFFFFFFF</textcolor>
                <label fallback="19055">$LOCALIZE[14200] $LOCALIZE[573]: $INFO[Player.FileNameAndPath]</label>
                <visible>$EXP[AutoTrailerDebugging]</visible>
            </control>                
            <control type="label">
                <font>Tiny</font>
                <textcolor>FFFFFFFF</textcolor>
                <label fallback="19055">Background Status: clear</label>
                <visible>!String.IsEmpty(Window(home).Property(TrailerFade))</visible>
                <visible>$EXP[AutoTrailerDebugging]</visible>
            </control>                
            <control type="label">
                <font>Tiny</font>
                <textcolor>FFFFFFFF</textcolor>
                <label fallback="19055">Background Status: normal</label>
                <visible>String.IsEmpty(Window(home).Property(TrailerFade))</visible>
                <visible>$EXP[AutoTrailerDebugging]</visible>
            </control>                
            <control type="label">
                <font>Tiny</font>
                <textcolor>FFFFFFFF</textcolor>
                <label fallback="19055">Background Helper Status: active</label>
                <visible>Window.IsVisible(Custom_AutoTrailer_Background_Helper.xml)</visible>
                <visible>$EXP[AutoTrailerDebugging]</visible>
            </control>
            <control type="label">
                <font>Tiny</font>
                <textcolor>FFFFFFFF</textcolor>
                <label fallback="19055">Background Helper Status: pending</label>
                <visible>!Window.IsVisible(Custom_AutoTrailer_Background_Helper.xml)</visible>
                <visible>$EXP[AutoTrailerDebugging]</visible>
            </control>                
            <control type="label">
                <font>Tiny</font>
                <textcolor>FFFFFFFF</textcolor>
                <label fallback="19055">Autostart Helper Status: active</label>
                <visible>Window.IsVisible(Custom_AutoTrailer_Start_Helper.xml)</visible>
                <visible>$EXP[AutoTrailerDebugging]</visible>
            </control>
            <control type="label">
                <font>Tiny</font>
                <textcolor>FFFFFFFF</textcolor>
                <label fallback="19055">Autostart Helper Status: pending</label>
                <visible>!Window.IsVisible(Custom_AutoTrailer_Start_Helper.xml)</visible>
                <visible>$EXP[AutoTrailerDebugging]</visible>
            </control>
            <control type="label">
                <font>Tiny</font>
                <textcolor>FFFFFFFF</textcolor>
                <label fallback="19055">$LOCALIZE[20410] $LOCALIZE[126]: $VAR[TrailerStatus]</label>
                <visible>$EXP[TrailerIsPlaying]</visible>
                <visible>$EXP[AutoTrailerDebugging]</visible>
            </control>
            <control type="label">
                <font>Tiny</font>
                <textcolor>FFFFFFFF</textcolor>
                <label fallback="19055">$LOCALIZE[20410] $LOCALIZE[126]: should start in [B]$VAR[NetflixTrailerDelayLabel][/B] seconds, if focused</label>
                <visible>$EXP[TrailerIsReady]</visible>
                <visible>$EXP[AutoTrailerDebugging]</visible>
            </control>
            <control type="label">
                <font>Tiny</font>
                <textcolor>FFFFFFFF</textcolor>
                <label fallback="19055">$LOCALIZE[20410] $LOCALIZE[126]: waiting for player</label>
                <visible>$EXP[TrailerWaitingForPlayer]</visible>
                <visible>$EXP[AutoTrailerDebugging]</visible>
            </control>
            <control type="label">
                <font>Tiny</font>
                <textcolor>FFFFFFFF</textcolor>
                <label fallback="19055">$LOCALIZE[20410] $LOCALIZE[126]: pending</label>
                <visible>!$EXP[TrailerIsReady] + !$EXP[TrailerIsPlaying] + !$EXP[TrailerWaitingForPlayer]</visible>
                <visible>$EXP[AutoTrailerDebugging]</visible>
            </control>
        </control>
    </controls>
</window>