<?xml version="1.0" encoding="UTF-8"?>
<!-- Foundation -->
<window id="136">
    <onload>ClearProperty(down)</onload>
    <onunload>ClearProperty(down)</onunload>
    <allowoverlay>no</allowoverlay>
    <controls>
        <control type="group">
            <visible>!Window.IsVisible(DialogProgress.xml)</visible>
            <visible>!Skin.HasSetting(hide.busydialog)</visible>
            <visible>String.IsEmpty(Window(Home).Property(script.preshowexperience.running))</visible>
            <visible>String.IsEmpty(Window(home).Property(TrailerFade))</visible>
            <include>Animation.FadeIn</include>
            <include>Animation.FadeOut</include>
            <include>GlobalOverlay</include>
            <include>GlobalOverlay</include>
            <control type="group">
                <centertop>50%</centertop>
                <centerleft>50%</centerleft>
                <width>450</width>
                <height>100</height>
                <include>Animation.DelayFadeIn</include>
                <include content="BusySpinner">
                    <param name="color" value="ffededed" />
                </include>
            </control>
        </control>
    </controls>
</window>
