<?xml version="1.0" encoding="UTF-8" standalone="yes"?>
<addon id="script.module.dateutil"
       name="python-dateutil"
       version="2.8.2a"
       provider-name="Paul Ganssle, Gustavo Niemeyer, Tomi Pieviläinen, Yaron de Leeuw">
  <requires>
    <import addon="xbmc.python" version="3.0.0"/>
    <import addon="script.module.six" version="1.15.0+matrix.1"/>
  </requires>
  <extension point="xbmc.python.module"
             library="lib" />
  <extension point="xbmc.addon.metadata">
    <summary lang="en_GB">Extensions to the standard Python datetime module</summary>
    <description lang="en_GB">The dateutil module provides powerful extensions to the standard datetime module, available in Python.</description>
    <license>Apache-2.0, BSD-3-Clause</license>
    <website>https://dateutil.readthedocs.io/en/stable/</website>
    <source>https://github.com/dateutil/dateutil</source>
    <assets>
      <icon>icon.png</icon>
    </assets>
  </extension>
</addon>
