<?xml version="1.0" encoding="UTF-8" standalone="yes"?>
<addon id="script.module.slyguy" name="SlyGuy Common" provider-name="SlyGuy" version="0.85.36">
  <requires>
    <import addon="slyguy.dependencies" version="0.0.20"/>
    <import addon="repository.slyguy" version="0.0.9"/>
  </requires>
  <extension point="xbmc.python.pluginsource" library="default.py">
    <provides>executable</provides>
  </extension>
  <extension point="xbmc.service" library="service.py" start="login" />
  <extension point="kodi.context.item">
    <menu id="kodi.core.main">
      <item library="default.py">
        <label>$LOCALIZE[20410]</label>
        <visible>!String.IsEmpty(ListItem.Trailer) + ![String.StartsWith(Container.FolderPath,plugin://) + String.Contains(Container.FolderPath,trailer)] + Integer.IsEqual(Window(10000).Property(_slyguy_trailer_context_menu),1)</visible>
      </item>
    </menu>
  </extension>
  <extension point="xbmc.python.module" library="resources/modules" />
  <extension point="xbmc.addon.metadata">
    <description lang="en">Common code, proxy and settings required by all Slyguy add-ons</description>
    <reuselanguageinvoker>true</reuselanguageinvoker>
    <license></license>
    <language></language>
    <website></website>
    <news>Move userdata and bookmarks into settings!</news>
    <assets>
      <icon>icon.png</icon>
      <fanart>fanart.jpg</fanart>
    </assets>
  </extension>
</addon>
