<?xml version="1.0" encoding="UTF-8"?>
<addon
  id="resource.language.de_de"
  version="11.0.82"
  name="German"
  provider-name="Team Kodi">
  <requires>
    <import addon="kodi.resource" version="1.0.0"/>
  </requires>
  <extension
    point="kodi.resource.language"
    locale="de_DE">
    <charsets>
      <gui unicodefont="false">CP1252</gui>
      <subtitle>CP1252</subtitle>
    </charsets>
    <sorttokens>
      <token>The</token>
      <token>Der</token>
      <token>Die</token>
      <token>Das</token>
    </sorttokens>
  </extension>
  <extension point="kodi.addon.metadata">
    <summary lang="en_GB">German language pack</summary>
    <description lang="en_GB">German version of all texts used in Kodi.</description>
    <platform>all</platform>
    <assets>
      <icon>icon.png</icon>
    </assets>
  </extension>
</addon>
