﻿<?xml version="1.0" encoding="utf-8" standalone="yes"?>
<addon id="plugin.video.spiegel.de" name="DER SPIEGEL" version="3.0.5+matrix.1" provider-name="realvito">
	<requires>
		<import addon="xbmc.python" version="3.0.0"/>
		<import addon="script.module.requests" version="2.27.0"/>
		<import addon="plugin.video.youtube" version="6.8.1+matrix.1" optional="true"/>
	</requires>
	<extension point="xbmc.python.pluginsource" library="default.py">
		<provides>video</provides>
	</extension>
	<extension point="xbmc.addon.metadata">
		<summary lang="de_DE">Online Nachrichten - 'DER SPIEGEL'</summary>
		<summary lang="en_GB">Online News - 'DER SPIEGEL'</summary>
		<description lang="de_DE">'DER SPIEGEL' zeichnet sich durch schnelles Reagieren auf aktuelle Ereignisse sowie sorgfältig recherchierte investigative Hintergrundgeschichten aus.[CR]Deutschlands führende Nachrichtenseite für alles Wichtige aus Politik, Wirtschaft, Sport, Kultur, Wissenschaft, Technik und mehr.</description>
		<description lang="en_GB">'DER SPIEGEL' is characterised by quick reactions to current events as well as carefully researched investigative background stories.[CR]Germany's leading news site for everything important from politics, business, sport, culture, science, technology and more.</description>
		<disclaimer lang="de_DE">Die von diesem Addon dargestellten Inhalte werden von den Erstellern des Addons weder gehostet oder verbreitet, noch stehen die Ersteller in irgendeiner Beziehung zu den Anbietern des Inhalts.</disclaimer>
		<disclaimer lang="en_GB">The content displayed by this Addon is not hosted or distributed by the creators of the Addon, nor do the creators have any affiliation with the providers of the content.</disclaimer>
		<language></language>
		<platform>all</platform>
		<license>GNU GENERAL PUBLIC LICENSE. Version 3, June 2007</license>
		<forum>https://www.kodinerds.net/thread/55451-l0res-blog-realvitos-fixing-thread/</forum>
		<website>https://www.spiegel.de/</website>
		<email></email>
		<mainsource>https://github.com/Collabsvito/REpo-AiO/</mainsource>
		<source>https://github.com/Collabsvito/REpo-AiO/tree/master/MATRIX/plugin.video.spiegel.de</source>
		<assets>
			<icon>resources/media/icon.png</icon>
			<fanart>resources/media/fanart.jpg</fanart>
		</assets>
		<news>
[B][COLOR orangered]Version 3.0.5+matrix.1  (20.04.2025)[/COLOR][/B]
- fixed: Es werden nicht alle vorhandenen Playlisten von 'Der Spiegel' unter der Rubrik: 'Weitere Beiträge auf YOUTUBE' aufgelistet
- added: Rubrik = SPIEGEL TV - Reden wir über Geld
- removed: Rubrik = SPIEGEL TV - Klassiker (nicht mehr vorhanden)
- optimized: Generiere '.m3u8' Video (falls in den settings ausgewählt), wenn nur '.mp4' Quelle vorhanden ist (auch HLS für Inputstream.Adaptive)
		</news>
	</extension>
</addon>
