<?xml version="1.0" encoding="UTF-8" standalone="yes"?>
<addon id="repository.dregs" name="[COLOR red]Dr[/COLOR]e[COLOR black]Gs[/COLOR] [COLORcyan]Repository[/COLOR]" version="2.36" provider-name="[COLORchocolate]@by_black[COLORgold]_eagle[/COLOR]">
  <requires>
    <import addon="xbmc.addon" version="12.0.0"/>  
  </requires>
  <extension point="xbmc.addon.repository" name="[COLOR red]Dregs [COLOR cyan]Repositorio[/COLOR]">
    <dir>
    <info compressed="true">https://raw.github.com/dregs1/dregs1.github.io/master/addons.xml</info>
    <checksum>https://raw.github.com/dregs1/dregs1.github.io/master/addons.xml.md5</checksum>
    <datadir zip="true">https://raw.github.com/dregs1/dregs1.github.io/master</datadir>
    <hashes>false</hashes>
</dir>
<dir minversion="29.9.9">
      <info compressed="true">https://raw.github.com/dregs1/dregs1.github.io/master/piers/addons.xml</info>
      <checksum>https://raw.github.com/dregs1/dregs1.github.io/master/piers/addons.xml.md5</checksum>
      <datadir zip="true">https://raw.github.com/dregs1/dregs1.github.io/master/piers</datadir>
      <hashes>false</hashes>
  </dir>
<dir minversion="20.0.0">
      <info compressed="true">https://raw.github.com/dregs1/dregs1.github.io/master/omega/addons.xml</info>
      <checksum>https://raw.github.com/dregs1/dregs1.github.io/master/omega/addons.xml.md5</checksum>
      <datadir zip="true">https://raw.github.com/dregs1/dregs1.github.io/master/omega</datadir>
      <hashes>false</hashes>
  </dir>
  <dir minversion="19.9.9">
      <info compressed="true">https://raw.github.com/dregs1/dregs1.github.io/master/nexus/addons.xml</info>
      <checksum>https://raw.github.com/dregs1/dregs1.github.io/master/nexus/addons.xml.md5</checksum>
      <datadir zip="true">https://raw.github.com/dregs1/dregs1.github.io/master/nexus</datadir>
      <hashes>false</hashes>
  </dir>   
  <dir minversion="19.0.0">
      <info compressed="true">https://raw.github.com/dregs1/dregs1.github.io/master/matrix/addons.xml</info>
      <checksum>https://raw.github.com/dregs1/dregs1.github.io/master/matrix/addons.xml.md5</checksum>
      <datadir zip="true">https://raw.github.com/dregs1/dregs1.github.io/master/matrix</datadir>
      <hashes>false</hashes>
  </dir>    
  <dir minversion="17.0.0" maxversion="18.9.0">
      <info compressed="true">https://raw.github.com/dregs1/dregs1.github.io/master/leia/addons.xml</info>
      <checksum>https://raw.github.com/dregs1/dregs1.github.io/master/leia/addons.xml.md5</checksum>
      <datadir zip="true">https://raw.github.com/dregs1/dregs1.github.io/master/leia</datadir>
      <hashes>false</hashes>
  </dir>
  <dir minversion="16.0.0" maxversion="17.0.0">
      <info compressed="true">https://raw.github.com/dregs1/dregs1.github.io/master/krypton/addons.xml</info>
      <checksum>https://raw.github.com/dregs1/dregs1.github.io/master/krypton/addons.xml.md5</checksum>
      <datadir zip="true">https://raw.github.com/dregs1/dregs1.github.io/master/krypton</datadir>
      <hashes>false</hashes>
  </dir>
  </extension>
  <extension point="xbmc.addon.metadata">
    <summary>repositorio Dregs</summary>
    <description>repositorio oficial Dregs- Proibido reproducao sem autorização prévia</description>
    <disclaimer></disclaimer>
    <platform>all</platform>
    <assets>
      <icon>icon.png</icon>
      <fanart>fanart.jpg</fanart>
    </assets>
  </extension>
</addon>
