<?xml version="1.0" encoding="UTF-8" standalone="yes"?>
<addon id="repository.diggz" name="Diggz Repository" version="24" provider-name="Diggz">
    <extension point="xbmc.addon.repository" name="Diggz Repository">
        <dir minversion="20.90.0" maxversion="22.9.9">
            <info compressed="false">https://raw.githubusercontent.com/nebulous42069/Omega/master/omega/zips/addons.xml</info>
            <checksum>https://raw.githubusercontent.com/nebulous42069/Omega/master/omega/zips/addons.xml.md5</checksum>
            <datadir zip="true">https://raw.githubusercontent.com/nebulous42069/Omega/master/omega/zips/</datadir>
        </dir>
        <dir>
            <info compressed="false">https://raw.githubusercontent.com/Zaxxon709/zaxxon/main/zips/addons.xml</info>
            <checksum>https://raw.githubusercontent.com/Zaxxon709/zaxxon/main/zips/addons.xml.md5</checksum>
            <datadir zip="true">https://raw.githubusercontent.com/Zaxxon709/zaxxon/main/zips/</datadir>
        </dir>
        <dir minversion="20.9.1">
            <info compressed="false">https://raw.githubusercontent.com/jurialmunkey/repository.jurialmunkey/master/omega/zips/addons.xml</info>
            <checksum>https://raw.githubusercontent.com/jurialmunkey/repository.jurialmunkey/master/omega/zips/addons.xml.md5</checksum>
            <datadir zip="true">https://raw.githubusercontent.com/jurialmunkey/repository.jurialmunkey/master/omega/zips/</datadir>
        </dir>		
    </extension>
    <extension point="xbmc.addon.metadata">
        <summary>Diggz Repository</summary>
        <description>Diggz Kodi Repository.</description>
        <disclaimer></disclaimer>
        <platform>all</platform>
        <assets>
            <icon>icon.png</icon>
        </assets>
    </extension>
</addon>