﻿<?xml version="1.0" encoding="UTF-8" standalone="yes"?>
<addon id="plugin.audio.sKullsradio" name="[B][COLOR indianred]sKulls[/COLOR] [COLOR gold]Fusion[/COLOR] [COLOR indianred]Radio[/COLOR][/B]" version="2.1.0" provider-name="[COLOR indianred]sKulls[/COLOR] [COLOR gold]inc.[/COLOR]">
    <requires>
		<import addon="xbmc.python" version="3.0.0"/>
	</requires>
	<extension point="xbmc.python.pluginsource" library="addon.py">
		<provides>audio</provides>
	</extension>
	<extension point="xbmc.addon.metadata">
		<platform>all</platform>
	<summary>[COLOR indianred]sKulls[/COLOR] [COLOR gold]Radio[/COLOR]</summary>
	<description>Folgende Deutsche RadioStreams sind mit dabei
80ER, 90ER, CHILLOUT, CLUBMIX, OLDIES, PARTYSCHLAGER, ROCK, SCHLAGER, SOFT POP, THE HITS, TOP OF THE CHARTS, URBAN

bigFM CHARTS, bigFM DANCE, bigFM Dancehall  Reggae Vibez, bigFM Deep Tech House, bigFM Deutsche Hip-Hop Charts, bigFM Deutschrap, bigFM EDM Progressive
bigFM GROOVENIGHT, bigFM HIP-HOP, bigFM Latin Beats, bigFM MASHUP, bigFM Oldschool Deutschrap, bigFM Party, bigFM Rap Feature, bigFM Oldschool Rap Hip-Hop
bigFM RNB, bigFM Sunset Lounge, bigSES

I LOVE RADIO, I LOVE 2 DANCE, I LOVE BASS, I LOVE CHILLHOP, I LOVE DANCE FIRST!, I LOVE DANCE HISTORY, I LOVE DEUTSCHRAP BESTE, I LOVE DEUTSCHRAP FIRST!
I LOVE GREATEST HITS, I LOVE HARDSTYLE, I LOVE THE CLUB, I LOVE THE DJ, I LOVE THE SUN, I LOVE TOP 100 CHARTS, I LOVE PARTY HARD

80s HITS by Rautemusik, 90s HITS by Rautemusik, Best of Schlager by Rautemusik, Bass by Rautemusik, Deutsche Hits by Rautemusik, Techhouse by Rautemusik, Top40 by Rautemusik

Sunshine Live - Festival, Sunshine Live - Hard, Sunshine Live - House, Sunshine Live - Mayday, Sunshine Live - Nature One, Sunshine Live - Time Warp, Sunshine Live - Lounge
Sunshine Live - Drum N Bass, Sunshine Live - Techno, Sunshine Live - Trance, CampFM - Das Festivalradio, Tomorrowland - One World Radio

RSA-Maxis-Maximal, RSA-Disco, RSA-Oldies, RSA-Rockzirkus

Top 100 Germany

1Live, etersloh

SAW-70er, SAW-80er, SAW-90er, SAW-2000er, SAW-Deutsche Hits, SAW-Party Hits, SAW-Partyschlager, SAW-Rock Songs, SAW-Rockland

RTL-Deutsch Rap

90s90s Radio-Boygroups, 90s90s Radio-Dance, 90s90s Radio-Hits

Delta Radio-Deutsch, Delta Radio-Hiphop, Delta Radio-Sommer, Delta Radio-Alternativ, .Delta Radio — Hardrock heavy Metal (Föhnfrisur),
Delta Radio-Unplugged, Delta Radio-Rockpop, Delta Radio-Grunge

Energy-German Top 40, Energy-Made in Germany, Energy-German HipHop, Energy-Lounge, Energy-Dance, Energy-Hitz, Energy-Mastermix, Energy-Partymix,
Energy-Reggae, Energy-Hit Remix

Rock am Ring, Wacken Radio, Radio BOB! BOBs Wacken Nonstop, Wacken

Classic Rock, Best of Rock, Rockhits, Metal, Hardrock, Rock Festival, Grunge, ACDC, Queen, Kuschelrock
	</description>
	<platform>all</platform>
	<license></license>
        <reuselanguageinvoker>false</reuselanguageinvoker>
	<news>
2.1.0 - Beschreibung erstellt

2.0.0 - Komplett trworkd

1.0.6 - Erstes Release
	</news>
	<assets>
	<icon>icon.png</icon>
	<fanart>fanart.jpg</fanart>
	</assets>
	</extension>
</addon>
