<?xml version="1.0" encoding="UTF-8" standalone="yes"?>
<addon id="context.embuary.info" name="Embuary Info - Open dialog" version="2.0.0" provider-name="sualfred">
	<requires>
		<import addon="xbmc.python" version="3.0.0"/>
		<import addon="script.embuary.info" version="2.0.8"/>
	</requires>
	<extension point="kodi.context.item">
		<menu id="kodi.core.main">
			<item library="addon.py">
				<label>$ADDON[context.embuary.info 32000]</label>
				<visible>String.IsEqual(ListItem.dbtype,movie) | String.IsEqual(ListItem.dbtype,tvshow) | String.IsEqual(ListItem.dbtype,season) | String.IsEqual(ListItem.dbtype,episode) | String.IsEqual(ListItem.dbtype,actor) | String.IsEqual(ListItem.dbtype,director)</visible>
			</item>
		</menu>
	</extension>
	<extension point="kodi.addon.metadata">
		<platform>all</platform>
		<summary lang="en_GB">Open Embuary Info dialog from context menu</summary>
		<description lang="en_GB">Open Embuary Info dialog from context menu. Needs script.embuary.info installed and activated. Available for movies, tv shows and actors.</description>
		<license>GPL-2.0-or-later</license>
		<forum>https://forum.kodi.tv/showthread.php?tid=346034</forum>
		<source>https://github.com/sualfred/context.embuary.info</source>
		<assets>
			<icon>resources/icon.png</icon>
			<fanart>resources/fanart.jpg</fanart>
		</assets>
	</extension>
</addon>