<?xml version="1.0" encoding="UTF-8" standalone="yes"?>
<addon id="resource.images.weatherfanart.multi" name="Weather Fanart - Multi" version="0.0.6" provider-name="Team Kodi">
	<extension point="kodi.resource.images" compile="false" type="weather" />
	<requires>
		<import addon="kodi.resource" version="1.0.0"/>
	</requires>
	<extension point="xbmc.addon.metadata">
		<summary lang="en">Weather Fanart Multi</summary>
		<description lang="en">Multiple Weather Fanart images for every weather condition</description>
		<platform>all</platform>
	</extension>
</addon>
