<?xml version="1.0" encoding="UTF-8" standalone="yes"?>
<addon id="script.module.libard" name="libard" version="6.0.2" provider-name="sarbes">
  <requires>
    <import addon="xbmc.python" version="3.0.0"/>
    <import addon="script.module.libmediathek4" version="1.0.0"/>
		<import addon="script.module.requests" version="2.19.1"/>
  </requires>
  <extension point="xbmc.python.module" library="lib" />
  <extension point="xbmc.addon.metadata">
    <platform>all</platform>
    <license>GPL-2.0-only</license>
    <source>https://github.com/sarbes/script.module.libard</source>
    <summary lang="en_GB">This is a scraper for http://www.ardmediathek.de/.</summary>
    <description lang="en_GB">This is a scraper for http://www.ardmediathek.de/.</description>
    <assets>
      <icon>resources/icon.png</icon>
    </assets>
  </extension>
</addon>
